{
    "Name":  "AdventureWorksLT2012_clone_8.1",
    "Tables":  [
                   {
                       "Name":  "BuildVersion",
                       "Schema":  "dbo",
                       "Columns":  [
                                       {
                                           "Name":  "Database Version",
                                           "ColumnType":  "nvarchar",
                                           "CharacterString":  null,
                                           "MinValue":  null,
                                           "MaxValue":  25,
                                           "MaskingType":  "Random",
                                           "SubType":  "String",
                                           "Deterministic":  false,
                                           "Nullable":  false
                                       },
                                       {
                                           "Name":  "VersionDate",
                                           "ColumnType":  "datetime",
                                           "CharacterString":  null,
                                           "MinValue":  null,
                                           "MaxValue":  null,
                                           "MaskingType":  "Random",
                                           "SubType":  "Date",
                                           "Deterministic":  false,
                                           "Nullable":  false
                                       },
                                       {
                                           "Name":  "ModifiedDate",
                                           "ColumnType":  "datetime",
                                           "CharacterString":  null,
                                           "MinValue":  null,
                                           "MaxValue":  null,
                                           "MaskingType":  "Random",
                                           "SubType":  "Date",
                                           "Deterministic":  false,
                                           "Nullable":  false
                                       }
                                   ]
                   },
                   {
                       "Name":  "ErrorLog",
                       "Schema":  "dbo",
                       "Columns":  [
                                       {
                                           "Name":  "ErrorTime",
                                           "ColumnType":  "datetime",
                                           "CharacterString":  null,
                                           "MinValue":  null,
                                           "MaxValue":  null,
                                           "MaskingType":  "Random",
                                           "SubType":  "Date",
                                           "Deterministic":  false,
                                           "Nullable":  false
                                       },
                                       {
                                           "Name":  "UserName",
                                           "ColumnType":  "sysname",
                                           "CharacterString":  null,
                                           "MinValue":  null,
                                           "MaxValue":  128,
                                           "MaskingType":  "Random",
                                           "SubType":  "String",
                                           "Deterministic":  false,
                                           "Nullable":  false
                                       },
                                       {
                                           "Name":  "ErrorNumber",
                                           "ColumnType":  "int",
                                           "CharacterString":  null,
                                           "MinValue":  null,
                                           "MaxValue":  2147483647,
                                           "MaskingType":  "Random",
                                           "SubType":  "Number",
                                           "Deterministic":  false,
                                           "Nullable":  false
                                       },
                                       {
                                           "Name":  "ErrorSeverity",
                                           "ColumnType":  "int",
                                           "CharacterString":  null,
                                           "MinValue":  null,
                                           "MaxValue":  2147483647,
                                           "MaskingType":  "Random",
                                           "SubType":  "Number",
                                           "Deterministic":  false,
                                           "Nullable":  true
                                       },
                                       {
                                           "Name":  "ErrorState",
                                           "ColumnType":  "int",
                                           "CharacterString":  null,
                                           "MinValue":  null,
                                           "MaxValue":  2147483647,
                                           "MaskingType":  "Random",
                                           "SubType":  "Number",
                                           "Deterministic":  false,
                                           "Nullable":  true
                                       },
                                       {
                                           "Name":  "ErrorProcedure",
                                           "ColumnType":  "nvarchar",
                                           "CharacterString":  null,
                                           "MinValue":  null,
                                           "MaxValue":  126,
                                           "MaskingType":  "Random",
                                           "SubType":  "String",
                                           "Deterministic":  false,
                                           "Nullable":  true
                                       },
                                       {
                                           "Name":  "ErrorLine",
                                           "ColumnType":  "int",
                                           "CharacterString":  null,
                                           "MinValue":  null,
                                           "MaxValue":  2147483647,
                                           "MaskingType":  "Random",
                                           "SubType":  "Number",
                                           "Deterministic":  false,
                                           "Nullable":  true
                                       },
                                       {
                                           "Name":  "ErrorMessage",
                                           "ColumnType":  "nvarchar",
                                           "CharacterString":  null,
                                           "MinValue":  null,
                                           "MaxValue":  4000,
                                           "MaskingType":  "Random",
                                           "SubType":  "String",
                                           "Deterministic":  false,
                                           "Nullable":  false
                                       }
                                   ]
                   },
                   {
                       "Name":  "Address",
                       "Schema":  "SalesLT",
                       "Columns":  [
                                       {
                                           "Name":  "AddressLine1",
                                           "ColumnType":  "nvarchar",
                                           "CharacterString":  null,
                                           "MinValue":  null,
                                           "MaxValue":  60,
                                           "MaskingType":  "Random",
                                           "SubType":  "String",
                                           "Deterministic":  false,
                                           "Nullable":  false
                                       },
                                       {
                                           "Name":  "AddressLine2",
                                           "ColumnType":  "nvarchar",
                                           "CharacterString":  null,
                                           "MinValue":  null,
                                           "MaxValue":  60,
                                           "MaskingType":  "Random",
                                           "SubType":  "String",
                                           "Deterministic":  false,
                                           "Nullable":  true
                                       },
                                       {
                                           "Name":  "City",
                                           "ColumnType":  "nvarchar",
                                           "CharacterString":  null,
                                           "MinValue":  null,
                                           "MaxValue":  30,
                                           "MaskingType":  "Address",
                                           "SubType":  "City",
                                           "Deterministic":  false,
                                           "Nullable":  false
                                       },
                                       {
                                           "Name":  "StateProvince",
                                           "ColumnType":  "userdefineddatatype",
                                           "CharacterString":  null,
                                           "MinValue":  null,
                                           "MaxValue":  50,
                                           "MaskingType":  "Random",
                                           "SubType":  "String",
                                           "Deterministic":  false,
                                           "Nullable":  false
                                       },
                                       {
                                           "Name":  "CountryRegion",
                                           "ColumnType":  "userdefineddatatype",
                                           "CharacterString":  null,
                                           "MinValue":  null,
                                           "MaxValue":  50,
                                           "MaskingType":  "Random",
                                           "SubType":  "String",
                                           "Deterministic":  false,
                                           "Nullable":  false
                                       },
                                       {
                                           "Name":  "PostalCode",
                                           "ColumnType":  "nvarchar",
                                           "CharacterString":  null,
                                           "MinValue":  null,
                                           "MaxValue":  15,
                                           "MaskingType":  "Address",
                                           "SubType":  "Zipcode",
                                           "Deterministic":  false,
                                           "Nullable":  false
                                       },
                                       {
                                           "Name":  "rowguid",
                                           "ColumnType":  "uniqueidentifier",
                                           "CharacterString":  null,
                                           "MinValue":  null,
                                           "MaxValue":  16,
                                           "MaskingType":  "Random",
                                           "SubType":  "String",
                                           "Deterministic":  false,
                                           "Nullable":  false
                                       },
                                       {
                                           "Name":  "ModifiedDate",
                                           "ColumnType":  "datetime",
                                           "CharacterString":  null,
                                           "MinValue":  null,
                                           "MaxValue":  null,
                                           "MaskingType":  "Random",
                                           "SubType":  "Date",
                                           "Deterministic":  false,
                                           "Nullable":  false
                                       }
                                   ]
                   },
                   {
                       "Name":  "Customer",
                       "Schema":  "SalesLT",
                       "Columns":  [
                                       {
                                           "Name":  "NameStyle",
                                           "ColumnType":  "userdefineddatatype",
                                           "CharacterString":  null,
                                           "MinValue":  null,
                                           "MaxValue":  1,
                                           "MaskingType":  "Random",
                                           "SubType":  "Bool",
                                           "Deterministic":  false,
                                           "Nullable":  false
                                       },
                                       {
                                           "Name":  "Title",
                                           "ColumnType":  "nvarchar",
                                           "CharacterString":  null,
                                           "MinValue":  null,
                                           "MaxValue":  8,
                                           "MaskingType":  "Random",
                                           "SubType":  "String",
                                           "Deterministic":  false,
                                           "Nullable":  true
                                       },
                                       {
                                           "Name":  "FirstName",
                                           "ColumnType":  "userdefineddatatype",
                                           "CharacterString":  null,
                                           "MinValue":  null,
                                           "MaxValue":  50,
                                           "MaskingType":  "Name",
                                           "SubType":  "Firstname",
                                           "Deterministic":  true,
                                           "Nullable":  false
                                       },
                                       {
                                           "Name":  "MiddleName",
                                           "ColumnType":  "userdefineddatatype",
                                           "CharacterString":  null,
                                           "MinValue":  null,
                                           "MaxValue":  50,
                                           "MaskingType":  "Random",
                                           "SubType":  "String",
                                           "Deterministic":  false,
                                           "Nullable":  true
                                       },
                                       {
                                           "Name":  "LastName",
                                           "ColumnType":  "userdefineddatatype",
                                           "CharacterString":  null,
                                           "MinValue":  null,
                                           "MaxValue":  50,
                                           "MaskingType":  "Name",
                                           "SubType":  "Lastname",
                                           "Deterministic":  false,
                                           "Nullable":  false
                                       },
                                       {
                                           "Name":  "Suffix",
                                           "ColumnType":  "nvarchar",
                                           "CharacterString":  null,
                                           "MinValue":  null,
                                           "MaxValue":  10,
                                           "MaskingType":  "Random",
                                           "SubType":  "String",
                                           "Deterministic":  false,
                                           "Nullable":  true
                                       },
                                       {
                                           "Name":  "CompanyName",
                                           "ColumnType":  "nvarchar",
                                           "CharacterString":  null,
                                           "MinValue":  null,
                                           "MaxValue":  128,
                                           "MaskingType":  "Random",
                                           "SubType":  "String",
                                           "Deterministic":  false,
                                           "Nullable":  true
                                       },
                                       {
                                           "Name":  "SalesPerson",
                                           "ColumnType":  "nvarchar",
                                           "CharacterString":  null,
                                           "MinValue":  null,
                                           "MaxValue":  256,
                                           "MaskingType":  "Random",
                                           "SubType":  "String",
                                           "Deterministic":  false,
                                           "Nullable":  true
                                       },
                                       {
                                           "Name":  "EmailAddress",
                                           "ColumnType":  "nvarchar",
                                           "CharacterString":  null,
                                           "MinValue":  null,
                                           "MaxValue":  50,
                                           "MaskingType":  "Random",
                                           "SubType":  "String",
                                           "Deterministic":  false,
                                           "Nullable":  true
                                       },
                                       {
                                           "Name":  "PasswordHash",
                                           "ColumnType":  "varchar",
                                           "CharacterString":  null,
                                           "MinValue":  null,
                                           "MaxValue":  128,
                                           "MaskingType":  "Random",
                                           "SubType":  "String",
                                           "Deterministic":  false,
                                           "Nullable":  false
                                       },
                                       {
                                           "Name":  "PasswordSalt",
                                           "ColumnType":  "varchar",
                                           "CharacterString":  null,
                                           "MinValue":  null,
                                           "MaxValue":  10,
                                           "MaskingType":  "Random",
                                           "SubType":  "String",
                                           "Deterministic":  false,
                                           "Nullable":  false
                                       },
                                       {
                                           "Name":  "rowguid",
                                           "ColumnType":  "uniqueidentifier",
                                           "CharacterString":  null,
                                           "MinValue":  null,
                                           "MaxValue":  16,
                                           "MaskingType":  "Random",
                                           "SubType":  "String",
                                           "Deterministic":  false,
                                           "Nullable":  false
                                       },
                                       {
                                           "Name":  "ModifiedDate",
                                           "ColumnType":  "datetime",
                                           "CharacterString":  null,
                                           "MinValue":  null,
                                           "MaxValue":  null,
                                           "MaskingType":  "Random",
                                           "SubType":  "Date",
                                           "Deterministic":  false,
                                           "Nullable":  false
                                       }
                                   ]
                   },
                   {
                       "Name":  "CustomerAddress",
                       "Schema":  "SalesLT",
                       "Columns":  [
                                       {
                                           "Name":  "AddressType",
                                           "ColumnType":  "userdefineddatatype",
                                           "CharacterString":  null,
                                           "MinValue":  null,
                                           "MaxValue":  50,
                                           "MaskingType":  "Random",
                                           "SubType":  "String",
                                           "Deterministic":  false,
                                           "Nullable":  false
                                       },
                                       {
                                           "Name":  "rowguid",
                                           "ColumnType":  "uniqueidentifier",
                                           "CharacterString":  null,
                                           "MinValue":  null,
                                           "MaxValue":  16,
                                           "MaskingType":  "Random",
                                           "SubType":  "String",
                                           "Deterministic":  false,
                                           "Nullable":  false
                                       },
                                       {
                                           "Name":  "ModifiedDate",
                                           "ColumnType":  "datetime",
                                           "CharacterString":  null,
                                           "MinValue":  null,
                                           "MaxValue":  null,
                                           "MaskingType":  "Random",
                                           "SubType":  "Date",
                                           "Deterministic":  false,
                                           "Nullable":  false
                                       }
                                   ]
                   },
                   {
                       "Name":  "Product",
                       "Schema":  "SalesLT",
                       "Columns":  [
                                       {
                                           "Name":  "Name",
                                           "ColumnType":  "userdefineddatatype",
                                           "CharacterString":  null,
                                           "MinValue":  null,
                                           "MaxValue":  50,
                                           "MaskingType":  "Random",
                                           "SubType":  "String",
                                           "Deterministic":  false,
                                           "Nullable":  false
                                       },
                                       {
                                           "Name":  "ProductNumber",
                                           "ColumnType":  "nvarchar",
                                           "CharacterString":  null,
                                           "MinValue":  null,
                                           "MaxValue":  25,
                                           "MaskingType":  "Random",
                                           "SubType":  "String",
                                           "Deterministic":  false,
                                           "Nullable":  false
                                       },
                                       {
                                           "Name":  "Color",
                                           "ColumnType":  "nvarchar",
                                           "CharacterString":  null,
                                           "MinValue":  null,
                                           "MaxValue":  15,
                                           "MaskingType":  "Random",
                                           "SubType":  "String",
                                           "Deterministic":  false,
                                           "Nullable":  true
                                       },
                                       {
                                           "Name":  "StandardCost",
                                           "ColumnType":  "money",
                                           "CharacterString":  null,
                                           "MinValue":  0.62,
                                           "MaxValue": 88899.62,
                                           "MaskingType":  "Commerce",
                                           "SubType":  "Price",
                                           "Deterministic":  false,
                                           "Nullable":  false
                                       },
                                       {
                                           "Name":  "ListPrice",
                                           "ColumnType":  "money",
                                           "CharacterString":  null,
                                           "MinValue":  0.62,
                                           "MaxValue": 88899.62,
                                           "MaskingType":  "Commerce",
                                           "SubType":  "Price",
                                           "Deterministic":  false,
                                           "Nullable":  false
                                       },
                                       {
                                           "Name":  "Size",
                                           "ColumnType":  "nvarchar",
                                           "CharacterString":  null,
                                           "MinValue":  null,
                                           "MaxValue":  5,
                                           "MaskingType":  "Random",
                                           "SubType":  "String",
                                           "Deterministic":  false,
                                           "Nullable":  true
                                       },
                                       {
                                           "Name":  "Weight",
                                           "ColumnType":  "decimal",
                                           "CharacterString":  null,
                                           "MinValue":  null,
                                           "MaxValue":  5,
                                           "MaskingType":  "Random",
                                           "SubType":  "String",
                                           "Deterministic":  false,
                                           "Nullable":  true
                                       },
                                       {
                                           "Name":  "SellStartDate",
                                           "ColumnType":  "datetime",
                                           "CharacterString":  null,
                                           "MinValue":  null,
                                           "MaxValue":  null,
                                           "MaskingType":  "Random",
                                           "SubType":  "Date",
                                           "Deterministic":  false,
                                           "Nullable":  false
                                       },
                                       {
                                           "Name":  "SellEndDate",
                                           "ColumnType":  "datetime",
                                           "CharacterString":  null,
                                           "MinValue":  null,
                                           "MaxValue":  null,
                                           "MaskingType":  "Random",
                                           "SubType":  "Date",
                                           "Deterministic":  false,
                                           "Nullable":  true
                                       },
                                       {
                                           "Name":  "DiscontinuedDate",
                                           "ColumnType":  "datetime",
                                           "CharacterString":  null,
                                           "MinValue":  null,
                                           "MaxValue":  null,
                                           "MaskingType":  "Random",
                                           "SubType":  "Date",
                                           "Deterministic":  false,
                                           "Nullable":  true
                                       },
                                       {
                                           "Name":  "ThumbnailPhotoFileName",
                                           "ColumnType":  "nvarchar",
                                           "CharacterString":  null,
                                           "MinValue":  null,
                                           "MaxValue":  50,
                                           "MaskingType":  "Random",
                                           "SubType":  "String",
                                           "Deterministic":  false,
                                           "Nullable":  true
                                       },
                                       {
                                           "Name":  "rowguid",
                                           "ColumnType":  "uniqueidentifier",
                                           "CharacterString":  null,
                                           "MinValue":  null,
                                           "MaxValue":  16,
                                           "MaskingType":  "Random",
                                           "SubType":  "String",
                                           "Deterministic":  false,
                                           "Nullable":  false
                                       },
                                       {
                                           "Name":  "ModifiedDate",
                                           "ColumnType":  "datetime",
                                           "CharacterString":  null,
                                           "MinValue":  null,
                                           "MaxValue":  null,
                                           "MaskingType":  "Random",
                                           "SubType":  "Date",
                                           "Deterministic":  false,
                                           "Nullable":  false
                                       }
                                   ]
                   },
                   {
                       "Name":  "ProductCategory",
                       "Schema":  "SalesLT",
                       "Columns":  [
                                       {
                                           "Name":  "Name",
                                           "ColumnType":  "userdefineddatatype",
                                           "CharacterString":  null,
                                           "MinValue":  null,
                                           "MaxValue":  50,
                                           "MaskingType":  "Random",
                                           "SubType":  "String",
                                           "Deterministic":  false,
                                           "Nullable":  false
                                       },
                                       {
                                           "Name":  "rowguid",
                                           "ColumnType":  "uniqueidentifier",
                                           "CharacterString":  null,
                                           "MinValue":  null,
                                           "MaxValue":  16,
                                           "MaskingType":  "Random",
                                           "SubType":  "String",
                                           "Deterministic":  false,
                                           "Nullable":  false
                                       },
                                       {
                                           "Name":  "ModifiedDate",
                                           "ColumnType":  "datetime",
                                           "CharacterString":  null,
                                           "MinValue":  null,
                                           "MaxValue":  null,
                                           "MaskingType":  "Random",
                                           "SubType":  "Date",
                                           "Deterministic":  false,
                                           "Nullable":  false
                                       }
                                   ]
                   },
                   {
                       "Name":  "ProductDescription",
                       "Schema":  "SalesLT",
                       "Columns":  [
                                       {
                                           "Name":  "Description",
                                           "ColumnType":  "nvarchar",
                                           "CharacterString":  null,
                                           "MinValue":  null,
                                           "MaxValue":  400,
                                           "MaskingType":  "Random",
                                           "SubType":  "String",
                                           "Deterministic":  false,
                                           "Nullable":  false
                                       },
                                       {
                                           "Name":  "rowguid",
                                           "ColumnType":  "uniqueidentifier",
                                           "CharacterString":  null,
                                           "MinValue":  null,
                                           "MaxValue":  16,
                                           "MaskingType":  "Random",
                                           "SubType":  "String",
                                           "Deterministic":  false,
                                           "Nullable":  false
                                       },
                                       {
                                           "Name":  "ModifiedDate",
                                           "ColumnType":  "datetime",
                                           "CharacterString":  null,
                                           "MinValue":  null,
                                           "MaxValue":  null,
                                           "MaskingType":  "Random",
                                           "SubType":  "Date",
                                           "Deterministic":  false,
                                           "Nullable":  false
                                       }
                                   ]
                   },
                   {
                       "Name":  "ProductModel",
                       "Schema":  "SalesLT",
                       "Columns":  [
                                       {
                                           "Name":  "Name",
                                           "ColumnType":  "userdefineddatatype",
                                           "CharacterString":  null,
                                           "MinValue":  null,
                                           "MaxValue":  50,
                                           "MaskingType":  "Random",
                                           "SubType":  "String",
                                           "Deterministic":  false,
                                           "Nullable":  false
                                       },
                                       {
                                           "Name":  "rowguid",
                                           "ColumnType":  "uniqueidentifier",
                                           "CharacterString":  null,
                                           "MinValue":  null,
                                           "MaxValue":  16,
                                           "MaskingType":  "Random",
                                           "SubType":  "String",
                                           "Deterministic":  false,
                                           "Nullable":  false
                                       },
                                       {
                                           "Name":  "ModifiedDate",
                                           "ColumnType":  "datetime",
                                           "CharacterString":  null,
                                           "MinValue":  null,
                                           "MaxValue":  null,
                                           "MaskingType":  "Random",
                                           "SubType":  "Date",
                                           "Deterministic":  false,
                                           "Nullable":  false
                                       }
                                   ]
                   },
                   {
                       "Name":  "ProductModelProductDescription",
                       "Schema":  "SalesLT",
                       "Columns":  [
                                       {
                                           "Name":  "Culture",
                                           "ColumnType":  "nchar",
                                           "CharacterString":  null,
                                           "MinValue":  2,
                                           "MaxValue":  6,
                                           "MaskingType":  "Random",
                                           "SubType":  "String",
                                           "Deterministic":  false,
                                           "Nullable":  false
                                       },
                                       {
                                           "Name":  "rowguid",
                                           "ColumnType":  "uniqueidentifier",
                                           "CharacterString":  null,
                                           "MinValue":  null,
                                           "MaxValue":  16,
                                           "MaskingType":  "Random",
                                           "SubType":  "String",
                                           "Deterministic":  false,
                                           "Nullable":  false
                                       },
                                       {
                                           "Name":  "ModifiedDate",
                                           "ColumnType":  "datetime",
                                           "CharacterString":  null,
                                           "MinValue":  null,
                                           "MaxValue":  null,
                                           "MaskingType":  "Random",
                                           "SubType":  "Date",
                                           "Deterministic":  false,
                                           "Nullable":  false
                                       }
                                   ]
                   }
               ]
}
